user_id,playlist_id,playlist_name,track_id,artists,album_name,track_name
921445511,123456789,Shuzo's Favorite,5SMdW9cbM4wTMMPI8Ck08a,Fito y Fitipaldis,Por la boca vive el pez,Me equivocaría otra vez
921445511,123456789,Shuzo's Favorite,1fDFx7MpMpxNeHj0uQ4395,Kendji Girac;Soolking,Mi Vida (Edition de Noël),Bebeto
921445511,123456789,Shuzo's Favorite,4BJWZYtoDhqFIYXZYpu3NI,Zach Diamond,Boomerang,Boomerang
921445511,123456789,Shuzo's Favorite,6L1V0LvpXBJ7QptKuLUj3v,awfultune,redesign,redesign
921445511,123456789,Shuzo's Favorite,05bNuygSyh9WlJTRepNiDp,Red Hot Chili Peppers,Return of the Dream Canteen,My Cigarette
921445511,123456789,Shuzo's Favorite,5Sk7YFjXotGsPT2MavacgU,Harris Jayaraj;Unni Menon;Bombay Jayashri,Vettaiyaadu Vilaiyaadu (Original Motion Picture Soundtrack),Paartha Mudhal
921445511,123456789,Shuzo's Favorite,7j02rdE5RVtNcNMuLGY5SS,Howlin' Wolf,Howlin' Wolf,Spoonful
921445511,123456789,Shuzo's Favorite,45EaIq9lKyoQxxTjFkiGbl,ABBA,ABBA Gold,Does Your Mother Know
921445511,123456789,Shuzo's Favorite,7AhMVnj6N89jmuCKNyr0AZ,Masayuki Suzuki;伊原六花,ラブ・ドラマティック,ラブ・ドラマティック
921445511,123456789,Shuzo's Favorite,6wwT3PgG3eFuKCpxzjMJFs,Becky G;Burna Boy,Rotate,Rotate
921445511,123456789,Shuzo's Favorite,4kOTDj4SiZPkW1p96WMDNv,Sean Paul,The Trinity,We Be Burnin'
921445511,123456789,Shuzo's Favorite,1MtswMNmlmCn0fl0xf8qB1,Biscits,Locco,Locco
921445511,123456789,Shuzo's Favorite,4XqXNU8MwPHwbgZmNXmAdc,Maluma,Junio,Junio
921445511,123456789,Shuzo's Favorite,7biChppM3c8q7qcVl7ceb2,FACE,12,ЛАБИРИНТ
921445511,123456789,Shuzo's Favorite,0JWSMYurMhPmlD5H8VRoTn,TWOPILOTS;De Hofnar,If You Had My Love,If You Had My Love
921445511,123456789,Shuzo's Favorite,2Cd9iWfcOpGDHLz6tVA3G4,Shakira;Freshlyground,Waka Waka (This Time for Africa) [The Official 2010 FIFA World Cup (TM) Song] (feat. Freshlyground),Waka Waka (This Time for Africa) [The Official 2010 FIFA World Cup (TM) Song] (feat. Freshlyground)
921445511,123456789,Shuzo's Favorite,3iHJm7dUroZYvbqrhobLZs,Bebe,Pafuera Telarañas,Siempre me quedará
921445511,123456789,Shuzo's Favorite,2LoGv4HSbilp1SVoQ10Qw6,ØZI;9m88,ØZI: The Album,Black Out (feat. 9m88)
921445511,123456789,Shuzo's Favorite,1neQ0MJbFV4O1eYwa7Hj2x,Ajebutter22,King of Parole,King of Parole
921445511,123456789,Shuzo's Favorite,55Ctj6nVfobn9AcPe6sLG2,BTS,2 Cool 4 Skool,Like
921445511,123456789,Shuzo's Favorite,1sx0XsWUusUoPstbvokZjP,Tai Verdes,TV,A-O-K
921445511,123456789,Shuzo's Favorite,4aQ1otVH5RkvygLElyaW7j,Paul Young,No Parlez,Love of the Common People - Remastered
921445511,123456789,Shuzo's Favorite,4R4gOp9ybG85RqbrY7JELc,Syn Cole;MIYA MIYA,Feels Like Love (feat. MIYA MIYA),Feels Like Love (feat. MIYA MIYA)
921445511,123456789,Shuzo's Favorite,5pjHS3EpHurMyIpB2QBnEd,BTS,2 Cool 4 Skool,We Are Bulletproof Pt.2
921445511,123456789,Shuzo's Favorite,3Q7o2zzvXj7QiSCumjBpvu,Becky G;Daviles de Novelda,AMANTES,AMANTES
921445511,123456789,Shuzo's Favorite,4Nw7kywWurWS6ceinn1cHK,Jenevieve,Division,Baby Powder
921445511,123456789,Shuzo's Favorite,08j9wzt7Q9Ucq1IrpD4GVq,Emiway Bantai,Machayenge,Machayenge
921445511,123456789,Shuzo's Favorite,32OlwWuMpZ6b0aN2RZOeMS,Mark Ronson;Bruno Mars,Uptown Special,Uptown Funk (feat. Bruno Mars)
921445511,123456789,Shuzo's Favorite,3YikBQVdIZ8azTBglbehVu,Sidhu Moose Wala;Sonam Bajwa,Jatti Jeone Morh Wargi,Jatti Jeone Morh Wargi
921445511,123456789,Shuzo's Favorite,18twglRl0wFIIMtFOy2CHs,Hasan Raheem;Abdullah Kasumbi,Joona,Joona
921445511,123456789,Shuzo's Favorite,7G6WuVZuTbF6JcnA9wOvsD,IZ*ONE,Oneiric Diary,Secret Story of the Swan
921445511,123456789,Shuzo's Favorite,1rjUBUTswCkN8DIBxkgjJs,高爾宣 OSN,#osnrap,Why You Gonna Lie
921445511,123456789,Shuzo's Favorite,4c0Mgs559lG4sPiEC3XcxY,B.B. King,To Know You Is To Love You,To Know You Is To Love You
921445511,123456789,Shuzo's Favorite,71X7bPDljJHrmEGYCe7kQ8,Renée Elise Goldsberry;Phillipa Soo;Jasmine Cephas-Jones;Leslie Odom Jr.;Original Broadway Cast of Hamilton,Hamilton (Original Broadway Cast Recording),The Schuyler Sisters
921445511,123456789,Shuzo's Favorite,2AlYncTpVHKwHb55F9lF6O,Sleepy Hallow;Fousheé,Sleepy Hallow Presents: Sleepy For President,Deep End Freestyle
921445511,123456789,Shuzo's Favorite,1dQr0yyC5JEqjhEyA1BtUR,HarrySong;Rudeboy,Right About Now,Konna
921445511,123456789,Shuzo's Favorite,6aNT2U9dAwdIqLob61h2oh,Murilo Huff,"Pra Ouvir Tomando Uma, Vol. 1",Idiota Favorito
921445511,123456789,Shuzo's Favorite,4EjdlRzIns3YulKVND2jr9,The Learning Station,7 Days of the Week,7 Days of the Week
921445511,123456789,Shuzo's Favorite,6C7aTTCUWRK7dD379yUT3W,Chuck Berry,Berry Is On Top,Roll Over Beethoven
921445511,123456789,Shuzo's Favorite,39vrbjCMTRXEdiIr2IsBgd,Badshah,ONE (Original Never Ends),She Move It Like
921445511,123456789,Shuzo's Favorite,0I1EHCAxMY9n2KTjiZik54,PmBata,circus,circus
921445511,123456789,Shuzo's Favorite,62Lv9WcrfzJqhvYDbilJy3,YOASOBI,たぶん,たぶん
921445511,123456789,Shuzo's Favorite,3xyr2xfbSZiZWWGsjLyMFh,Claire Rosinkranz,6 Of A Billion,Hotel
921445511,123456789,Shuzo's Favorite,1MJcqxNYsGRWK5etxzCboD,Blippi,"Blippi Tunes, Vol. 2: Machines (Music for Toddlers)",The Excavator Song
921445511,123456789,Shuzo's Favorite,1Jwc3ODLQxtbnS8M9TflSP,The Bangles,The Essential Bangles,Walk Like an Egyptian
921445511,123456789,Shuzo's Favorite,04VUjNx30IrigVZU3CQmrQ,Badshah,ONE (Original Never Ends),Mercy
921445511,123456789,Shuzo's Favorite,3mDvi0k4LuCA7ViLf3Qb3O,Matt White,Best Days,Love
921445511,123456789,Shuzo's Favorite,0IWtEFQBwRHaMXZQtGEVcM,Black,Wonderful Life,Wonderful Life
921445511,123456789,Shuzo's Favorite,4wkQmYpAaMe41Rc3sYZ7Vz,Calvin Harris;Ne-Yo,18 Months,Let's Go (feat. Ne-Yo)
921445511,123456789,Shuzo's Favorite,4sNwdacKyi2S26WrRtNama,MARINA,The Family Jewels,Oh No!
921445511,123456789,Shuzo's Favorite,3FS3ItpUATpALLi90uvkde,Pritam;KK;Dominique,Once Upon A Time In Mumbaai,I Am In Love
921445511,123456789,Shuzo's Favorite,6kD7n19O9VEYQwENniEvPi,Kochetkovv,4:44 Am,4:44 Am
921445511,123456789,Shuzo's Favorite,7weHG0yOwtAcZ0qBhyODLF,nobodyknows+,vulgarhythm,Hero's Come Back!!
921445511,123456789,Shuzo's Favorite,4FeczSomVWVyU4FW7xDeAI,A.R. Rahman;Chinmayi;Murtuza Khan;Qadir Khan,Guru (Original Motion Picture Soundtrack),Tere Bina
921445511,123456789,Shuzo's Favorite,1jloWdvMh9nwHUu3mag8CL,Runtown,Mad Over You,Mad Over You
921445511,123456789,Shuzo's Favorite,6YYmoV9YbBefsspGmqFHbs,Fuego,Una Vaina Loca,Una Vaina Loca
921445511,123456789,Shuzo's Favorite,3QVqZqey3hxjKCqnHA3C2x,Biu do Piseiro,Biu do Piseiro - Até o Talo (Ao Vivo),Tremidinha - Ao Vivo
921445511,123456789,Shuzo's Favorite,7q7eYVerltlW2sYBuga6Mj,Jaz Dhami;Yo Yo Honey Singh,High Heels,High Heels
921445511,123456789,Shuzo's Favorite,3jb6qb2BtrOeQP0UprQ67y,Burak Yeter;Danelle Sandoval,Tuesday (feat. Danelle Sandoval) [Radio Edit],Tuesday (feat. Danelle Sandoval) - Radio Edit
921445511,123456789,Shuzo's Favorite,74qF0JeFMVilMEeFDiQZ48,Sunanda Sharma;Tanishk Bagchi,"Mummy Nu Pasand (From ""Jai Mummy Di"")","Mummy Nu Pasand (From ""Jai Mummy Di"")"
921445511,123456789,Shuzo's Favorite,4Cv6ongCvJy9JfSkWVnb5D,Kool & The Gang,Something Special,Get Down On It
921445511,123456789,Shuzo's Favorite,4FvJysAX0y4TfHE9CIprrx,DELLAFUENTE;Rvfv,K alegría,K alegría
921445511,123456789,Shuzo's Favorite,6JjSoJ2laV4ZbKNb9nybvh,Chris Lorenzo;COBRAH,MAMI,MAMI
921445511,123456789,Shuzo's Favorite,4bbeXHwW95npFQuPa2D8e1,Anirudh Ravichander;Kamal Haasan,"Mathuga Mathuga (From ""Vikram Hitlist"")","Mathuga Mathuga (From ""Vikram Hitlist"")"
921445511,123456789,Shuzo's Favorite,1Nr46gjiP50uPsz30gYhAd,Santhosh Narayanan;Anirudh Ravichander,"Thenmozhi (From ""Thiruchitrambalam"")","Thenmozhi (From ""Thiruchitrambalam"")"
921445511,123456789,Shuzo's Favorite,0gn93i7HJt0calph67R5Wu,HUGEL;Amber Van Day,WTF (feat. Amber Van Day),WTF (feat. Amber Van Day)
921445511,123456789,Shuzo's Favorite,4QMZ6gwFTLk9qOhaQsGIxf,G. V. Prakash,Darling (Original Motion Picture Soundtrack),Neeve
921445511,123456789,Shuzo's Favorite,29QAPQkjqokFyQZ18VKAdy,Max Romeo,Best Of,Chase The Devil
921445511,123456789,Shuzo's Favorite,6zfyJTgFvo54oLVJjS3jNa,Infected Mushroom;Bad Computer,Walking on the Moon (Bad Computer Remix),Walking on the Moon - Bad Computer Remix
921445511,123456789,Shuzo's Favorite,0wihfILRNOwE2156Shezc8,Bad Bunny,Un Verano Sin Ti,Agosto
921445511,123456789,Shuzo's Favorite,6MJUCumnQsQEKbCy28tbCP,Daddy Yankee;Anuel AA,Adictiva,Adictiva
921445511,123456789,Shuzo's Favorite,0i8YObgqnjZYoYJOQbwLHq,Poshlaya Molly;Eldzhey,Дом Периньон,Дом Периньон
921445511,123456789,Shuzo's Favorite,5ftamIDoDRpEvlZinDuNNW,Nightmares On Wax,In A Space Outta Sound,Flip Ya Lid
921445511,123456789,Shuzo's Favorite,1WbZ7ZmDVARABHF2isuWF7,The Minions,Despicable Me 3 (Original Motion Picture Soundtrack),Papa Mama Loca Pipa
921445511,123456789,Shuzo's Favorite,1zVMJGPMWKmD4cjTTyf68y,Boney M.;G. Mart,Barbra Streisand - Boney M. goes Club,Rasputin - Club Mix
921445511,123456789,Shuzo's Favorite,0pPGUL7171TRGgI6wyP8wP,Abhijeet;Shreya Ghoshal,Main Hoon Na,Tumhe Jo Maine Dekha
921445511,123456789,Shuzo's Favorite,5bttUhX2smfy7urwlidPfG,CORBAL;Shiloh Dynasty;Patient Zero,Imagination,Imagination
921445511,123456789,Shuzo's Favorite,3RiRFyvasDtAv8n0AQUKFG,WEISS;Purple Disco Machine,Feel My Needs (Purple Disco Machine Remix),Feel My Needs - Purple Disco Machine Remix
921445511,123456789,Shuzo's Favorite,3fvsxmytTns1ApIWBqfANZ,Jess Bays;Poppy Baskcomb,Temptation (feat. Poppy Baskcomb),Temptation (feat. Poppy Baskcomb)
921445511,123456789,Shuzo's Favorite,4mYvuqbaWcIP3RNn1mkOYP,Sean Paul;Rihanna,The Trinity,Break It Off (feat. Rihanna)
921445511,123456789,Shuzo's Favorite,7zD97mcPo9fng0aJqUhFvd,CoComelon,Nursery Rhymes by CoComelon,Baby Shark
921445511,123456789,Shuzo's Favorite,3A9RV7frnaeqKGvF7kb0vd,sammy rash,blue,blue
921445511,123456789,Shuzo's Favorite,3P3pw6C19j31Rnzgo3JG7o,Jonas Blue;JP Cooper,Blue,Perfect Strangers
921445511,123456789,Shuzo's Favorite,5SB73InpxuEQ20qEWhOQFV,Format:B,Chunky,Chunky
921445511,123456789,Shuzo's Favorite,6mICuAdrwEjh6Y6lroV2Kg,Shakira;Maluma,El Dorado,Chantaje (feat. Maluma)
921445511,123456789,Shuzo's Favorite,13sdG92svhRtVjDLpmW5wG,Jatin-Lalit,Fareb,Yeh Teri Aankhen Jhuki Jhuki
921445511,123456789,Shuzo's Favorite,2iqA5Na5vlo0bnZUf8KT1N,LCD Soundsystem,new body rhumba (from the film White Noise),new body rhumba (from the film White Noise)
921445511,123456789,Shuzo's Favorite,6KjkgYu4mjsMVYy4aCzyw6,Lil Peep;Lil Tracy,crybaby,white tee
921445511,123456789,Shuzo's Favorite,4qv7YSyt5UV8LvrXyE8sGn,The Jacksons,The Essential Michael Jackson,"Can You Feel It - 7"" Version"
921445511,123456789,Shuzo's Favorite,65krtHkaYLPr0mEbjL61UP,Sade,The Best of Sade,Kiss of Life
921445511,123456789,Shuzo's Favorite,7ACdv0ADFL7ICH024UhDKt,Muffin Man,The Muffin Man's Sweet Nursery Rhymes,This Is the Way
921445511,123456789,Shuzo's Favorite,6nqfKM9JvQIiuAuzWZFvGW,もさを。,ぎゅっと。,ぎゅっと。
921445511,123456789,Shuzo's Favorite,0fxjsll9jmmRgMFbwdp4Xg,Mulatu Astatke,New York - Addis - London: The Story of Ethio Jazz 1965-1975,Yègellé Tezeta
921445511,123456789,Shuzo's Favorite,3BPoSr2pO34Aan6alFfVto,MOMOLAND,GREAT!,BBoom BBoom
921445511,123456789,Shuzo's Favorite,7GNRUsU3M4XNDDB9xle5Dz,PSY;SUGA,PSY 9th,That That (prod. & feat. SUGA of BTS)
921445511,123456789,Shuzo's Favorite,0871AdnvzzSGr5XdTJaDHC,Ado,狂言,踊
921445511,123456789,Shuzo's Favorite,55DTBfMjuBk3b79XXb2lc5,dj Shawny,Bombs Away (Throwback Cypher),Bombs Away (Throwback Cypher) [Sped up Version]
921445511,123456789,Shuzo's Favorite,1ZgEpCLk5sQcwMSpIpGfiQ,Boy George,Sold,Everything I Own
921445511,123456789,Shuzo's Favorite,6jJe5uP59U6OtTrtJss42v,80purppp,Betty Cooper,Betty Cooper
921445511,123456789,Shuzo's Favorite,56TXkBMhaHhmqNq1M30qlE,Sidhu Moose Wala;Sunny Malton,Forget About It (feat. Sunny Malton),Forget About It (feat. Sunny Malton)
921445511,123456789,Shuzo's Favorite,3RVKJOoIVKXicFvNO7b2iK,A.R. Rahman;Chinmayi;Murtuza Khan;Qadir Khan,Guru (Original Motion Picture Soundtrack),Aaruyire
921445511,123456789,Shuzo's Favorite,2LGAbm0xHNu7scBDVCkFwN,Fountains Of Wayne,Welcome Interstate Managers,Hey Julie
921445511,123456789,Shuzo's Favorite,4LRF5Z4aEOVa0Npgtaj2hN,Funambulista,Me Gusta la Vida,Me Gusta la Vida
921445511,123456789,Shuzo's Favorite,7qiZfU4dY1lWllzX7mPBI3,Ed Sheeran,÷ (Deluxe),Shape of You
921445511,123456789,Shuzo's Favorite,35UUpTmrcFXNIVIN26ujXl,Sech;Daddy Yankee;J Balvin;ROSALÍA;Farruko,Relación (Remix),Relación - Remix
921445511,123456789,Shuzo's Favorite,4E0teOQQQwagLVvQ7VfYm1,Afro B,Afrowave 2,Drogba (Joanna)
921445511,123456789,Shuzo's Favorite,7z5G2LOdV8okZn4yWg3q5g,A1 x J1;Tion Wayne,Night Away (Dance) (feat. Tion Wayne),Night Away (Dance) (feat. Tion Wayne)
921445511,123456789,Shuzo's Favorite,3dGnykeZl6O95Tjoe2h9pt,Yuvan Shankar Raja,Panjaa,Panjaa
921445511,123456789,Shuzo's Favorite,69UAOA6FuofWrKFuVZVO7R,Loubet,Made in Roça (Ao Vivo),Made In Roça - Ao Vivo
921445511,123456789,Shuzo's Favorite,6UbWYuDxDYmYYhsNYuYPPC,Burna Boy;J Balvin,"Love, Damini",Rollercoaster (feat. J Balvin)
921445511,123456789,Shuzo's Favorite,77wmpTzmexp0gvyeQq45zV,白銀御行(CV:古川慎);藤原千花(CV:小原好美),My Nonfiction,My Nonfiction
921445511,123456789,Shuzo's Favorite,5eGsHi6RcL33gb9k89UYaB,Tegi Pannu;Manni Sandhu,Schedule,Schedule
921445511,123456789,Shuzo's Favorite,308Ir17KlNdlrbVLHWhlLe,TWICE,Formula of Love: O+T=<3,The Feels
921445511,123456789,Shuzo's Favorite,4F980Cg1WU6owq3V1fOBSN,Falguni Pathak,Maine Payal Hai Chhankai & Other Hits,Saawan Mein
921445511,123456789,Shuzo's Favorite,0JnOpiUieuk9SdRv7Fkw2P,『ユイカ』,恋泥棒。,恋泥棒。
921445511,123456789,Shuzo's Favorite,2I4u1DU7rCijbtR2F3dgx6,Great Good Fine Ok,Great Good Five Ok,So Far So Good
921445511,123456789,Shuzo's Favorite,5Sho3kEbYXopoXPhPACqo7,Mr. C,Mr. C Presents The Cha-cha Slide Greatest Hits,Cha Cha Slide
921445511,123456789,Shuzo's Favorite,7DfXXbaSLCRGdsNoMdpTQ9,Bisa Kdei,Jwe,Jwe
921445511,123456789,Shuzo's Favorite,53qU2K55RJgfs9F50irpB3,Gramatik,SB2,Just Jammin'
921445511,123456789,Shuzo's Favorite,3lKI2qR6rgR13kQ6bidXK5,Vijay Antony;Jayarajagopalam;Sathya Lakshmi,Naan Avanillai (Original Motion Picture Soundtrack),Macha Kanni
921445511,123456789,Shuzo's Favorite,2W6bC4K4e6y42HnYTA5yHO,Pritam;Sonu Nigam;Javed Ali,Jab We Met,Nagada Nagada
921445511,123456789,Shuzo's Favorite,7KYScY2HyYi4K68OFCle4k,Mc IG,O Que O Igor Guilherme Anda Pensando ?,Pai de Mulher Feia
921445511,123456789,Shuzo's Favorite,1SyQ6t9RdRBK0QUCS6a797,Naughty By Nature,19 Naughty III,Hip Hop Hooray
921445511,123456789,Shuzo's Favorite,1kSSWsWZuCcrlgVpb5yKYn,Lloyd Banks,The Hunger For More,Warrior Part 2
921445511,123456789,Shuzo's Favorite,0Gbp9aWNohZ4Kwdi75ntzT,John De Sohn;Rasmus Hagen,Made For You,Love You Better
921445511,123456789,Shuzo's Favorite,7skyR8nK3vnDikYFBoUVw6,Laura Branigan,Self Control (Expanded),Self Control - Extended Version
921445511,123456789,Shuzo's Favorite,4bZZVcgWWMWPBwzTTp642w,BTS,MAP OF THE SOUL : 7,Filter
921445511,123456789,Shuzo's Favorite,4JmbtS0Muijl37KP9lDscy,SUNMI,Heart Burn,Heart Burn
921445511,123456789,Shuzo's Favorite,5KLcIahbdBJeZ8tHAyYMpN,Roots Manuva,Run Come Save Me,Witness (1 Hope)
921445511,123456789,Shuzo's Favorite,0A9wBOsHnzromW2P72c7Rz,Suel;Sorriso Maroto,Missão Impossível (Ao Vivo),Missão Impossível - Ao Vivo
921445511,123456789,Shuzo's Favorite,3ZFTkvIE7kyPt6Nu3PEa7V,Shakira;Wyclef Jean,"Oral Fixation, Vol. 2 (Expanded Edition)",Hips Don't Lie (feat. Wyclef Jean)
921445511,123456789,Shuzo's Favorite,7JoI4RoMUdZXBgIs7ZkhHV,Sidhu Moose Wala,Moosetape,B & W
921445511,123456789,Shuzo's Favorite,3okYYZTWf6Z2MLxwdDkwVw,Yuu Miyashita;NILFRUITS,Wozwald,Wozwald
921445511,123456789,Shuzo's Favorite,5uuJruktM9fMdN9Va0DUMl,Wild Cherry,Wild Cherry,Play That Funky Music
921445511,123456789,Shuzo's Favorite,5cjVsWqIkBQC7acTRhL0RO,Aastha Gill;Sachin Sanghvi;Jigar Saraiya;Divya Kumar,Stree,Kamariya
921445511,123456789,Shuzo's Favorite,2LL8v2NXuuzkV9N1G2m7oE,Kid Travis;Eluzai,Strawberry Skies (Deluxe Edition),Galaxy
921445511,123456789,Shuzo's Favorite,3LUSxUzJ7wD8N0SeVRLkcR,VOLAC;illusionize;Andre Longo,In A Club,In A Club
921445511,123456789,Shuzo's Favorite,3CCPAxHcGuTL43u4U9euVo,Danny Romero;Juan Magán,El Hipo,El Hipo
921445511,123456789,Shuzo's Favorite,4AE7Lj39VnSZNOmGH2iZaq,2Pac,R U Still Down? [Remember Me],Do For Love
921445511,123456789,Shuzo's Favorite,1tzs2dFmLCD6bT8eapVNpl,Artifacts,That's Them,Art of Scratch (Intro)
921445511,123456789,Shuzo's Favorite,2h0O3uXZW6ClktlgHWGpjy,"Slaughter Beach, Dog",Birdie,Acolyte
921445511,123456789,Shuzo's Favorite,5cepAtqnEQ6yVG6088zMMu,Maluma;Nego do Borel,F.A.M.E.,Corazón (feat. Nego do Borel)
921445511,123456789,Shuzo's Favorite,5RKWxItZvYY9wtKJuy2Hb7,A Si,热爱105°C的你,热爱105°C的你
921445511,123456789,Shuzo's Favorite,0rxEPf4Y6uBmV3hkrV340a,Sohail Sen;Rahat Fateh Ali Khan;Irshad Kamil,Mere Brother Ki Dulhan,Isq Risk
921445511,123456789,Shuzo's Favorite,1MdsletWuIR9ItEnitWRwp,Nil Moliner;Ana Mena,Me Quedo (feat. Ana Mena),Me Quedo (feat. Ana Mena)
921445511,123456789,Shuzo's Favorite,0NSLB3GCpO9SU69XH8jjiF,Ana Mena;Rocco Hunt,Un beso de improviso,Un beso de improviso
921445511,123456789,Shuzo's Favorite,4HfxDJ0uLHTLe0fZrx0MbQ,A Tribe Called Quest,The Low End Theory,Check the Rhime
921445511,123456789,Shuzo's Favorite,5KhFaq45chTw8RGfWo8T8J,6ix9ine,Day69: Graduation Day,BILLY
921445511,123456789,Shuzo's Favorite,2oi26hzvmT9mbOGMBoEWtG,CoComelon,Nursery Rhymes by CoComelon,Five Little Speckled Frogs
921445511,123456789,Shuzo's Favorite,65ES1qwOB577ZnTkizMXJJ,Skrillex;Kendrick Lamar,HUMBLE. (SKRILLEX REMIX),HUMBLE. - SKRILLEX REMIX
921445511,123456789,Shuzo's Favorite,2b2LUjMx9LKwIARJf93Rbd,Jeremy Zucker,love is not dying,not ur friend
921445511,123456789,Shuzo's Favorite,1ZCIgVkeHuBl9yzQR4E0CZ,Brando;Syn Cole,Look Into My Eyes,Look Into My Eyes - Syn Cole Remix
921445511,123456789,Shuzo's Favorite,4lqEFIB9YZl8BwR99L5H3b,Yellow Claw;Mustard;Ty Dolla $ign;Tyga,Blood For Mercy,In My Room (feat. Ty Dolla $ign & Tyga)
921445511,123456789,Shuzo's Favorite,697HW34FLNURvRAbSieICv,Biscits,Your Body,Your Body
921445511,123456789,Shuzo's Favorite,43HVFY9Djv6c5snImScf6T,Super Simple Songs,Baby Shark & More Kids Songs,Apples & Bananas
921445511,123456789,Shuzo's Favorite,2GcypFJcULDmhmbqFdm9qi,brb.,relationshit,do me right
921445511,123456789,Shuzo's Favorite,6TtNVOFQUbQDUbTQwdILH1,Jaani;Lijo George-Dj Chetas;Sukh-E Muzical Doctorz;Lisa Mishra,"Coka 2.0 (From ""Liger"")","Coka 2.0 (From ""Liger"")"
921445511,123456789,Shuzo's Favorite,6e9Ew4AECYwY5Xgs2ZKMgp,Anuel AA,Mercedes Tintia,Mercedes Tintia
921445511,123456789,Shuzo's Favorite,4DYIDSMIB5y2UmZFv9fxeX,TWICE,Summer Nights,Dance The Night Away
921445511,123456789,Shuzo's Favorite,4d6eqRtpDX7tydHJGDZUBQ,Fine Young Cannibals,The Raw & The Cooked,She Drives Me Crazy
921445511,123456789,Shuzo's Favorite,6XdHZr9iXdqc4Q76wtgbqr,Alec Benjamin,The Way You Felt,The Way You Felt
921445511,123456789,Shuzo's Favorite,7cELheBXF3jIShGuewCy44,brakence,punk2,fuckboy
921445511,123456789,Shuzo's Favorite,3hxRKXzZS0XRYGZ123JDNH,Synapson;Victor Démé,Convergence,Djon maya maï (feat. Victor Démé)
921445511,123456789,Shuzo's Favorite,2deb24yUrqgOVwGJjaIaYp,Rustage;TOPHAMHAT-KYO,Blood (Alucard Rap),Blood (Alucard Rap)
921445511,123456789,Shuzo's Favorite,6P8zr1ghnd78EPhUO8axDm,iamjakehill,dying lately,nerve
921445511,123456789,Shuzo's Favorite,2FgAvIPnk7PEx8IGSpe3NF,SHY FX;Liam Bailey,Soon Come,Soon Come
921445511,123456789,Shuzo's Favorite,03cKmr45ZcgYzng3s76STy,Fireboy DML,"Laughter, Tears & Goosebumps",Feel
921445511,123456789,Shuzo's Favorite,1EuQFujqMzy76oZZ7R2xNO,Salman Elahi,Shaan,Pahadon Mein
921445511,123456789,Shuzo's Favorite,5m62bM6EN1ysBb3nnedLBR,Satinder Sartaaj,Titli,Titli
921445511,123456789,Shuzo's Favorite,6JI5wNWYdBw68GZjOMmgK5,Big L,Lifestylez Ov Da Poor & Dangerous,Put It On
921445511,123456789,Shuzo's Favorite,7jY1bfpyhAnLtEVdWoeNhq,Najim Arshad,Hits of Najim Arshad,"Aaro Aaro Chare - From ""Ring Master"""
921445511,123456789,Shuzo's Favorite,5mN3xSyvCmFy1jkdA98IfS,Wizkid,Fever,Fever
921445511,123456789,Shuzo's Favorite,24nK8tW7Pt3Inh2utttuoG,MAMAMOO,reality in BLACK,HIP
921445511,123456789,Shuzo's Favorite,5xm1RqXrvkr6H4a7shEtVu,Itsy Bitsy Spider Kids,Itsy Bitsy Spider Kids,Itsy Bitsy Spider
921445511,123456789,Shuzo's Favorite,2zMJN9JvDlvGP4jB03l1Bz,Donna Summer,Bad Girls,Hot Stuff
921445511,123456789,Shuzo's Favorite,7BuSE9uTIw931wtZYzvZcQ,Sebastian Yatra;Daddy Yankee;Natti Natasha;Jonas Brothers,Runaway,Runaway
921445511,123456789,Shuzo's Favorite,3JPY6LZEx3qtSAirFLykiP,Vijay;Sunidhi Chauhan,Kaththi (Original Motion Picture Soundtrack),Selfie Pulla
921445511,123456789,Shuzo's Favorite,6JRLFiX9NJSoRRKxowlBYr,Bob Marley & The Wailers,Kaya,Is This Love
921445511,123456789,Shuzo's Favorite,7uSZPbd8DxdkmSauCKnITY,San Holo,We Rise,We Rise
921445511,123456789,Shuzo's Favorite,0ENQCg0FziqV4VB9U2xTf5,Rupee,Soca Gold 2003,Tempted To Touch
921445511,123456789,Shuzo's Favorite,4AElkruOc9gECdltSuV3JN,FantasticYouth,小喋日和,小喋日和
921445511,123456789,Shuzo's Favorite,0KbIwqCAHmXWu7hrszXY6j,Warren G;Nate Dogg;The Game,Party We Will Throw Now! - Single,Party We Will Throw Now!
921445511,123456789,Shuzo's Favorite,5EYZZvmNAH5VZCwuzYJqoA,Jatin-Lalit;Shaan;Kailash Kher;Prasoon Joshi,Fanaa,Chand Sifarish
921445511,123456789,Shuzo's Favorite,7CDP4uXu6mkBDzaTOx9yTS,Salim–Sulaiman;Benny Dayal;Amitabh Bhattacharya,Ladies Vs Ricky Bahl,Aadat Se Majboor
921445511,123456789,Shuzo's Favorite,2y8PnhXwnyHTxe72TtY58e,Röyksopp,Melody A.M.,Remind Me
921445511,123456789,Shuzo's Favorite,4epHhc2lvhFYzMlKA23O3G,6ix9ine;Anuel AA,DUMMY BOY,MALA
921445511,123456789,Shuzo's Favorite,1tEto4JrqNmBZFH5uAiYqb,Lehmber Hussainpuri,Tanu Weds Manu,Sadi Gali
921445511,123456789,Shuzo's Favorite,5MnLof1o5Wu4hX5zWgMjZY,Tomberlin,Projections,Wasted
921445511,123456789,Shuzo's Favorite,0FJbyybRjxOyalg9M9q6IJ,Tennessee Ernie Ford,Songs Of The Civil War,Union Dixie
921445511,123456789,Shuzo's Favorite,34amhIU6nxkixKnsLSWqR4,CoComelon,"CoComelon Kids Hits, Vol. 6",Are You Sleeping? (Brother John)
921445511,123456789,Shuzo's Favorite,3IzQc4KEAFd8lIc90X7FZr,Vishal-Shekhar;Vishal Dadlani;Payal Dev;Kishore Kumar,Student of the Year 2,The Jawaani Song
921445511,123456789,Shuzo's Favorite,66tkDkPsznE5zIHNt4QkXB,Parcels,Tieduprightnow,Tieduprightnow
921445511,123456789,Shuzo's Favorite,4QtiVmuA88tPQiCOHZuQ5b,Sofía Reyes;Jason Derulo;De La Ghetto,"1, 2, 3 (feat. Jason Derulo & De La Ghetto)","1, 2, 3 (feat. Jason Derulo & De La Ghetto)"
921445511,123456789,Shuzo's Favorite,455OjhLhU9JCNYKKoUOFwr,Tegi Pannu;Manni Sandhu,Into You,Into You
921445511,123456789,Shuzo's Favorite,4OF2droYNgQ3KnFvjnSYpj,India Martinez;Dvicio,No Me Basta,No Me Basta
921445511,123456789,Shuzo's Favorite,2ikI9Y7PCPIavU0TMSpF31,KR$NA;Raftaar,Still Here,Saza-E-Maut
921445511,123456789,Shuzo's Favorite,5Gl0Oedhzp5KzHeajiZSxQ,Martin Ikin,Hooked,Hooked
921445511,123456789,Shuzo's Favorite,49X0LAl6faAusYq02PRAY6,Modjo,Modjo (Remastered),Lady - Hear Me Tonight
921445511,123456789,Shuzo's Favorite,7sKt5Y2zJpYw78iAxndB8y,2Pac;Rappin' 4-Tay,All Eyez On Me,Only God Can Judge Me (ft. Rappin' 4-Tay)
921445511,123456789,Shuzo's Favorite,6wn2nmFn3wDuiMldRiuRuL,Wham!,Twenty Five,Last Christmas - Remastered
921445511,123456789,Shuzo's Favorite,18e3XXYCv4Tx8uUl1mP3CN,Pritam;Vishal Dadlani;Shalmali Kholgade,Yeh Jawaani Hai Deewani,Balam Pichkari
921445511,123456789,Shuzo's Favorite,6gT8vjtfxiWxPsmedAFTsF,Morcheeba,Charango,Aqualung
921445511,123456789,Shuzo's Favorite,1uKrAVOrVDCo86z57MnmaE,Martin and Rose Music,Sing With Me A Kids Pop Music Adventure,The ABC Song
921445511,123456789,Shuzo's Favorite,4DHDIdeayp8xvlyg22wREO,Natti Natasha;Becky G,Ram Pam Pam,Ram Pam Pam
921445511,123456789,Shuzo's Favorite,4O5ygqTjiXLWo9HASGsk8E,Zara Larsson,Lush Life (Retro Version),Lush Life - Retro Version
921445511,123456789,Shuzo's Favorite,68Q6c22JNyLUlZYX4dE2tn,Claptone;Nathan Nicholson,Charmer,Heartbeat
921445511,123456789,Shuzo's Favorite,4xfYNH75F5Ji7CJ1v0OMM9,Kideko;Saffron Stone,The Music,The Music
921445511,123456789,Shuzo's Favorite,2pUlBBWq8R10ylbBvZJV9j,Wizkid,Bad To Me,Bad To Me
921445511,123456789,Shuzo's Favorite,5lfWrciYtohtIMVDVZd0Rf,Calvin Harris;Justin Timberlake;Halsey;Pharrell Williams,"Stay With Me (with Justin Timberlake, Halsey, & Pharrell)","Stay With Me (with Justin Timberlake, Halsey, & Pharrell)"
921445511,123456789,Shuzo's Favorite,1nocRtwyNPVtGcIJqfgdzZ,Camilo;Pedro Capó,Tutu,Tutu
921445511,123456789,Shuzo's Favorite,6qZra71fzsZOgmCPwzBKLt,FACE,REVENGE,Vlone
921445511,123456789,Shuzo's Favorite,6JIC3hbC28JZKZ8AlAqX8h,Elton John;Dua Lipa;PNAU,The Lockdown Sessions,Cold Heart - PNAU Remix
921445511,123456789,Shuzo's Favorite,45StvejYUdIsyUwqdZ7iJM,Audrey Mika,Y U Gotta B Like That,Y U Gotta B Like That
921445511,123456789,Shuzo's Favorite,771tThfRECkaHjTKb6clZx,Yemi Alade,Begging,Begging
921445511,123456789,Shuzo's Favorite,6Uj1ctrBOjOas8xZXGqKk4,Doja Cat,Planet Her,Woman
921445511,123456789,Shuzo's Favorite,3yUcJwYu7fXAfqMj9krY6l,Dido,No Angel,Thank You
921445511,123456789,Shuzo's Favorite,1xSmjB0t19q4CSJ0X0ymGB,Claire Rosinkranz,Frankenstein,Frankenstein
921445511,123456789,Shuzo's Favorite,6oQvzzF8MXnqnYeuHV1yYw,Henrique & Juliano,Menos É Mais (Ao Vivo),Garrafas Vazias - Ao Vivo
921445511,123456789,Shuzo's Favorite,7yRfIESGCckunEuXMtn0bj,Jassie Gift,4 Students (Original Motion Picture Soundtrack),Layyavathiye
921445511,123456789,Shuzo's Favorite,0laYHRpNTS6i8FXdupHkJ4,Selena Gomez & The Scene,When The Sun Goes Down,Love You Like A Love Song
921445511,123456789,Shuzo's Favorite,1sz4drpDPpHVrPUgnXGaNn,BTS,The Most Beautiful Moment in Life Pt.1,Boyz with Fun
921445511,123456789,Shuzo's Favorite,76r1P6yfRpuicgw5pxTvae,CoComelon,"CoComelon Kids Hits, Vol. 1",Yes Yes Vegetables Song
921445511,123456789,Shuzo's Favorite,2nSNqawExgEYd5k0CATOwO,Nil Moliner;Yera,MENEITO,MENEITO
921445511,123456789,Shuzo's Favorite,2V1UjIW8DUV9jzpcOffRXk,Drex Carter,Go Wild,Go Wild
921445511,123456789,Shuzo's Favorite,0A37XY67wSdGqkGjtfW6aV,Rauw Alejandro;Anuel AA;Natti Natasha;Farruko;Lunay,Fantasias (Remix) [feat. Farruko & Lunay],Fantasias - Remix
921445511,123456789,Shuzo's Favorite,5IE5WW79oRVkwPyqM7Vgio,Zachary Knowles,tendency to be a loner,dancing in the kitchen
921445511,123456789,Shuzo's Favorite,7Gpx2fNJiilvrf9Ss8qbit,Neil Sedaka,Rock with Sedaka (Expanded Edition),Calendar Girl
921445511,123456789,Shuzo's Favorite,24CPgzN3cQKzDii4P9edCV,Everything But The Girl;Soul Vision,Like The Deserts Miss The Rain,Tracey In My Room - Lazy Dog Bootleg Vocal Mix
921445511,123456789,Shuzo's Favorite,7J5B4k0AT8KIoV5KiUa4o7,Bad Boys Blue,"Hot Girls, Bad Boys",You're a Woman
921445511,123456789,Shuzo's Favorite,749a3IktgztaKcRg3zmQvv,Toddler Tunes,Songs for Kids: Classic Children's Music,Itsy Bitsy Spider
921445511,123456789,Shuzo's Favorite,4as4XEOR03oGm1STUKl6pa,IU,BBIBBI,BBIBBI
921445511,123456789,Shuzo's Favorite,5UU5FbITNm5OunvHQdsKME,Billy Ocean,The Very Best of Billy Ocean,"When the Going Gets Tough, The Tough Get Going"
921445511,123456789,Shuzo's Favorite,6x15KrIZn8qZMAByvhPAZU,Natos y Waor,Luna llena,Los 90
921445511,123456789,Shuzo's Favorite,08pVm2BCyMSevBLXYLysqi,FACE,SLIME,СПАСАТЕЛЬНЫЙ КРУГ
921445511,123456789,Shuzo's Favorite,64rb32uukT0vAw22ZiFZ2F,Kamisa 10,Tesão a Primeira Vista (Ao Vivo em Goiânia),Tesão a Primeira Vista (Ao Vivo em Goiânia)
921445511,123456789,Shuzo's Favorite,4Egb5xP6cniUx0kgZd5zLB,Bomba Estéreo,Amanecer,Soy Yo
921445511,123456789,Shuzo's Favorite,0TZL4krCFcuTlYZ8J9kcBX,Three Drives On A Vinyl,Greece 2000,Greece 2000
921445511,123456789,Shuzo's Favorite,4nBG4RjDuiAa6Q7akigZI9,Lucas Estrada,Drowning In You,Drowning In You
921445511,123456789,Shuzo's Favorite,49C9gniR8HDECH8CCButxN,raspy,Strawberry Blonde,Strawberry Blonde
921445511,123456789,Shuzo's Favorite,1CM4rFDU9q4EoLy2K44qE6,B Praak;Harrdy Sandhu;Swasti Mehul,"Naah Goriye (From ""Bala"")","Naah Goriye (From ""Bala"")"
921445511,123456789,Shuzo's Favorite,6sJImqJveB5c5qIHCRCLUd,Super Simple Songs,Humpty Dumpty & More Kids Songs,Humpty Dumpty
921445511,123456789,Shuzo's Favorite,2ykXJ9QVwx9Li8nsW0h6b2,INNA;Sean Paul,UP,UP
921445511,123456789,Shuzo's Favorite,2Dzzhb1oV5ckgOjWZLraIB,なとり,Overdose,Overdose
921445511,123456789,Shuzo's Favorite,6Za3190Sbw39BBC77WSS1C,Natti Natasha;Ozuna,Criminal,Criminal
921445511,123456789,Shuzo's Favorite,2lBExcAjBgX7Jb480goU9B,Majid Jordan;Drake,Wildest Dreams,Stars Align (with Drake)
921445511,123456789,Shuzo's Favorite,3GXo1eWlT2flv4x01l5OTu,The Trammps,Playlist: The Best Of The Trammps,Disco Inferno - Edit
921445511,123456789,Shuzo's Favorite,3LDkLpuxQlEuEiZmkxpr8S,The Handsome Family,Singing Bones,Far From Any Road
921445511,123456789,Shuzo's Favorite,7toZuecF36JJeBq1faE2Xt,The Wiggles,The Wiggles Nursery Rhymes,"Head, Shoulders, Knees and Toes"
921445511,123456789,Shuzo's Favorite,3Bh8VEMG1ugQgDHsuxJkat,Madhusree;Naresh Iyer,Anbe Aaruyire (Original Motion Picture Soundtrack),Mayilrage
921445511,123456789,Shuzo's Favorite,0FnoxHCkfmjr2kBDwos4OG,Korede Bello,Bella,Bella
921445511,123456789,Shuzo's Favorite,2EjxmOw1V5MZ40S7rCiHeP,Julio Preciado Y Su Banda Perla Del Pacifico,Tesoros De Coleccion - -Victor Cordero A Traves De Sus Mas Bellas Canciones Y Sus Mejores Interpretes,Dos Hojas Sin Rumbo
921445511,123456789,Shuzo's Favorite,475LPQIUiT6SqfwuqWYtU2,Super Simple Songs,Twinkle Twinkle Little Star & More Kids Songs,Five Little Monkeys
921445511,123456789,Shuzo's Favorite,0pM7PCxuclmb1qsjTqt6WX,Chris G.;Mc Sai;Sahi Siva,Nenjinile Rebirth,Nenjinile Rebirth
921445511,123456789,Shuzo's Favorite,5SAED5EpG2omE0XIBLwKLi,David Bisbal,Tú Me Delatas,Tú Me Delatas
921445511,123456789,Shuzo's Favorite,607k4fZHtv9fBHc8HAA8dy,Taiwan MC;Davojah,Nah Leave Me Corner,Let the Weed Bun
921445511,123456789,Shuzo's Favorite,0RFxx8rwddnW4j9COvLmGK,Maninder Buttar,Dilaan De Rajya,Dilaan De Rajya
921445511,123456789,Shuzo's Favorite,1OUPXna2MCgAt3VNmXJBtg,Tropkillaz;J Balvin;Anitta;ZAAC,Bola Rebola,Bola Rebola
921445511,123456789,Shuzo's Favorite,2wSEG8f9WIqyrdlXjdxzGu,iamjakehill,Sleeping All Alone,Sleeping All Alone
921445511,123456789,Shuzo's Favorite,6hmzgYLfxy1S5E24rNuPO1,CoComelon,"CoComelon Kids Hits, Vol. 4",Please and Thank You Song
921445511,123456789,Shuzo's Favorite,3VvA1wSxukMLsvXoXtlwWx,Boza,Más Negro Que Rojo,Hecha Pa' Mi
921445511,123456789,Shuzo's Favorite,6clzeGvi1CFioMOolbAOlX,Calvin Harris;Justin Timberlake;Halsey;Pharrell Williams,Funk Wav Bounces Vol. 2,"Stay With Me (with Justin Timberlake, Halsey & Pharrell)"
921445511,123456789,Shuzo's Favorite,2Bn2JQAGZzxe09jFzm1SqJ,Salim–Sulaiman;Sunidhi Chauhan;Piyush Mishra,Aaja Nachle,Aaja Nachle
921445511,123456789,Shuzo's Favorite,5tKlIgkTo8QZBVLGkyhEso,Weezer,Cars 2 (Original Soundtrack),"You Might Think - From ""Cars 2""/Soundtrack Version"
921445511,123456789,Shuzo's Favorite,1y3ROW0J6gjnyiZZd9NdIU,Henrique & Juliano,Menos É Mais (Ao Vivo),Eu E A Saudade - Ao Vivo
921445511,123456789,Shuzo's Favorite,2vmfvSoZBFAt9hhRoEByLi,Aventura;Bad Bunny,Volví,Volví
921445511,123456789,Shuzo's Favorite,40KuvsFD0zpUFuCcmt5Xm0,XXXTENTACION,Bad Vibes Forever,Ex Bitch
921445511,123456789,Shuzo's Favorite,6uzwiQa5FkiiHLyt7ENYc6,Anthony Keyrouz,Kisses Back,Kisses Back
921445511,123456789,Shuzo's Favorite,7fyVBKYJYMP42nNr9RFTAT,HYBS,Ride,Ride
921445511,123456789,Shuzo's Favorite,78ipAAYJBIkIPpnVtPHqWi,Foster;Zaini;Kailee Morgue,i tried everything (feat. Kailee Morgue & Zaini),i tried everything (feat. Kailee Morgue & Zaini)
921445511,123456789,Shuzo's Favorite,3CwJI2rcnyZL0DVaUZ2D99,DJ Flex;Denise Belfon,Put Your Back In It (Afrobeat),Put Your Back In It (Afrobeat)
921445511,123456789,Shuzo's Favorite,2GjdI973iM4W4Pl7Tckcke,Raekwon,This Is East Coast Hip Hop,Still Strugglin'
921445511,123456789,Shuzo's Favorite,0JAZWvvqttGFm4UMDsPQXC,Ozuna;Camilo,Enoc,Despeinada
921445511,123456789,Shuzo's Favorite,1IavuiWnbbts36JWozObGE,Ozuna;TINI,Un Reel,Un Reel
921445511,123456789,Shuzo's Favorite,2ULADEPozZxudqEj5qsxnj,Lauana Prado,Elevador (Ao Vivo),Elevador - Ao Vivo
921445511,123456789,Shuzo's Favorite,7JJmb5XwzOO8jgpou264Ml,Shawn Mendes,Illuminate (Deluxe),There's Nothing Holdin' Me Back
921445511,123456789,Shuzo's Favorite,6MTd61g9zq6CB1FnJydjEb,The Archies,Everything's Archie,Sugar Sugar
921445511,123456789,Shuzo's Favorite,6eT2fNwiVD04D3R4uP5qOv,Steely Dan,Can't Buy A Thrill,Only A Fool Would Say That
921445511,123456789,Shuzo's Favorite,5612zrK8d3HhPCobx2Kuci,sammy rash,bad day,bad day
921445511,123456789,Shuzo's Favorite,22vgEDb5hykfaTwLuskFGD,Jonas Brothers,Happiness Begins,Sucker
921445511,123456789,Shuzo's Favorite,7uqcLJFlSYjVPLUz1vPxkY,XXXTENTACION,SKINS,Guardian angel
921445511,123456789,Shuzo's Favorite,2FyWvKLqK8jpysuxQ228so,Yuvan Shankar Raja;Tippu;Sujatha,Vel (Original Motion Picture Soundtrack),Kovakkara Kiliye
921445511,123456789,Shuzo's Favorite,4PyMK7JTcu6l30D8KogokR,Jeremy Zucker,supercuts,supercuts
921445511,123456789,Shuzo's Favorite,3ObBmm3X92aff7Dct4drkj,Cymande,Promised Heights,Brothers On The Slide
921445511,123456789,Shuzo's Favorite,3awnZSyvKdi7rBLttHk36K,347aidan;Kenny Beats,IDWK,IDWK
921445511,123456789,Shuzo's Favorite,4UUMA9msejPgKPn2vHFI0G,Pinkfong,Pinkfong Animal Songs,The Penguin Dance
921445511,123456789,Shuzo's Favorite,3pEuO9J2MTEmec8kUfYYvl,Real McCoy,Another Night,Another Night
921445511,123456789,Shuzo's Favorite,3Dv1eDb0MEgF93GpLXlucZ,Doja Cat,Hot Pink,Say So
921445511,123456789,Shuzo's Favorite,4cG7HUWYHBV6R6tHn1gxrl,Riton;Nightcrawlers;Mufasa & Hypeman;Dopamine,Friday (feat. Mufasa & Hypeman) [Dopamine Re-Edit],Friday (feat. Mufasa & Hypeman) - Dopamine Re-Edit
921445511,123456789,Shuzo's Favorite,2NVXBBbO4xGO851zrMfCFi,Sleepy Hallow;Alborosie,2 Mins of Pain (feat. Alborosie),2 Mins of Pain (feat. Alborosie)
921445511,123456789,Shuzo's Favorite,4eu27jAU2bbnyHUC3G75U8,Pritam;Benny Dayal;Shefali Alvares,Yeh Jawaani Hai Deewani,Badtameez Dil
921445511,123456789,Shuzo's Favorite,2A7A3KF4NHFjW3ygFSt7In,ENHYPEN,HEY TAYO,Hey Tayo - Tayo Opening Theme Song
921445511,123456789,Shuzo's Favorite,6sI5m6cabkKWBuDh0kXMKk,Belleruche,The Express,Anything You Want - Not That
921445511,123456789,Shuzo's Favorite,5eLjgK8JT276Xs8500KdEn,Fiji Blue,Affection,Affection
921445511,123456789,Shuzo's Favorite,5zUPoHkgqAr1XwTMNzNtGs,Tegi Pannu;Manni Sandhu,Fully Loaded,Fully Loaded
921445511,123456789,Shuzo's Favorite,18A1V1vsy5YgHFqb4galTw,Kenny Burrell,Midnight Blue (The Rudy Van Gelder Edition),Chitlins Con Carne
921445511,123456789,Shuzo's Favorite,0R7YVi7w41Dr9jU5vblAok,Snoop Dogg;David Guetta;Giorgio Tuinfort;Frederic Riesterer,Sweat (Snoop Dogg Vs. David Guetta) [Remix],Sweat - Remix
921445511,123456789,Shuzo's Favorite,5LEjxlKCcYH8irGpRtjbj0,Karan Aujla,Adhiya,Adhiya
921445511,123456789,Shuzo's Favorite,76616XVEPGzNvgXuao0Ino,Thiaguinho,"Infinito 2021, Vol.2",30 Audios
921445511,123456789,Shuzo's Favorite,1xEpgyKx4ZHtefFAh0SmU5,EDIS,Martılar,Martılar
921445511,123456789,Shuzo's Favorite,6ULjJomtdRstnT9BPMAf9d,The Landers,Still Here,Swad Kutde
